UPC,52WeekGrowth
0,-0.013672
4087,0.014345
